,Name,LinkedIn group,Result,Date
0,International Volunteer HQ (IVHQ),https://www.linkedin.com/groups/4134200/,Joined,01/2024
1,Volunteer Fire Fighters,https://www.linkedin.com/groups/1829444/,Joined,01/2024
2,HLSR - Houston Livestock Show & Rodeo Volunteer Group,https://www.linkedin.com/groups/978137/,Requested,01/04/2024
3,Volunteer Management Best Practices network,https://www.linkedin.com/groups/3980663/,Requested,01/04/2024
4,new feed updates notificationsHome,https://www.linkedin.com/feed/?nis=true&,Limit request to join,
5,11 new network update notificationMy Network,https://www.linkedin.com/mynetwork/?,Limit request to join,
6,Jobs,https://www.linkedin.com/jobs/?,Limit request to join,
7,Messaging,https://www.linkedin.com/messaging/?,Limit request to join,
8,55 new notificationsNotifications,https://www.linkedin.com/notifications/?,Limit request to join,
9,Post a job for free,https://www.linkedin.com/talent/job-posting-redirect?trk=nav_spotlight_post_job&,Limit request to join,
10,View posts,https://www.linkedin.com/groups/4134200,Limit request to join,
11,Volunteer Coordinators,https://www.linkedin.com/groups/1911260,Limit request to join,
12,Volunteer Income Tax Assistance (VITA) Volunteers,https://www.linkedin.com/groups/1791903,Limit request to join,
13,Association of Volunteer Managers,https://www.linkedin.com/groups/2197429,Limit request to join,
14,"PMI Project, Program and Portfolio Management Group",https://www.linkedin.com/groups/2784738,Limit request to join,
15,Volunteer Firefighters,https://www.linkedin.com/groups/53955,Limit request to join,
